[
    {
        "id": "T1-1",
        "x": 100,
        "y": 90
    },
    {
        "id": "punto2",
        "x": 200,
        "y": 150
    },
    {
        "id": 3,
        "x": 500,
        "y": 190
    },
    {
        "id": 4,
        "x": 300,
        "y": 250
    },
    {
        "id": 5,
        "x": 400,
        "y": 300
    },
    {
        "id": 6,
        "x": 600,
        "y": 350
    },
    {
        "id": 7,
        "x": 700,
        "y": 400
    },
    {
        "id": 8,
        "x": 800,
        "y": 450
    },
    {
        "id": 9,
        "x": 900,
        "y": 500
    },
    {
        "id": 10,
        "x": 3000,
        "y": 3000
    },
    {
        "id": 11,
        "x": 4500,
        "y": 6500
    }
]